City_ID,City,Country,Lat,Lng,Max Temp,Min Temp,Humidity,Cloudiness,Wind Speed,Current Description
0,ushuaia,AR,-54.8,-68.3,50.0,50.0,62,40,34.52,light rain
1,kalmunai,LK,7.4167,81.8167,78.01,78.01,84,95,2.73,heavy intensity rain
2,khatanga,RU,71.9667,102.5,-38.11,-38.11,97,17,9.69,few clouds
3,tuktoyaktuk,CA,69.4541,-133.0374,-13.0,-13.0,77,75,8.05,broken clouds
4,castro,BR,-24.7911,-50.0119,67.98,67.98,92,73,4.34,broken clouds
5,avarua,CK,-21.2078,-159.775,82.4,82.4,78,20,12.66,light rain
6,salinopolis,BR,-0.6136,-47.3561,78.37,78.37,82,86,5.91,overcast clouds
7,athens,GR,37.9795,23.7162,57.0,53.01,76,75,4.61,broken clouds
8,omaruru,NA,-21.4333,15.9333,69.76,69.76,75,70,6.15,light rain
9,elat,IL,29.5581,34.9482,77.0,77.0,29,0,4.61,clear sky
10,butaritari,KI,3.0707,172.7902,82.47,82.47,78,15,18.48,few clouds
11,upernavik,GL,72.7868,-56.1549,-1.48,-1.48,97,100,13.69,overcast clouds
12,kruisfontein,ZA,-34.0033,24.7314,64.0,64.0,86,9,1.99,light rain
13,hithadhoo,MV,-0.6,73.0833,83.19,83.19,69,100,9.82,overcast clouds
14,bredasdorp,ZA,-34.5322,20.0403,55.4,55.4,94,51,2.3,broken clouds
15,sydney mines,CA,46.2367,-60.2177,32.0,30.0,59,75,9.22,light snow
16,mahebourg,MU,-20.4081,57.7,78.8,78.8,89,75,10.36,moderate rain
17,hilo,US,19.7297,-155.09,69.8,62.01,83,90,8.05,light rain
18,barrow,US,71.2906,-156.7887,-9.4,-9.4,77,1,10.36,clear sky
19,albany,US,42.6001,-73.9662,53.6,46.99,26,20,14.97,few clouds
20,dikson,RU,73.5069,80.5464,-23.96,-23.96,83,8,18.05,clear sky
21,port alfred,ZA,-33.5906,26.891,67.77,67.77,88,52,15.68,light rain
22,mataura,NZ,-46.1927,168.8643,54.0,54.0,96,86,3.0,overcast clouds
23,vaini,TO,-21.2,-175.2,84.2,84.2,79,40,8.05,scattered clouds
24,hermanus,ZA,-34.4187,19.2345,63.0,63.0,70,23,7.0,few clouds
25,ovre ardal,NO,61.3167,7.8,31.6,31.6,97,97,8.59,light snow
26,jumla,NP,29.2747,82.1838,40.8,40.8,68,16,3.87,few clouds
27,hengshui,CN,37.7322,115.7011,39.06,39.06,29,0,14.23,clear sky
28,atar,MR,20.5169,-13.0499,72.23,72.23,11,25,10.47,scattered clouds
29,cape town,ZA,-33.9258,18.4232,64.99,63.0,68,20,13.8,few clouds
30,hirara,JP,24.8,125.2833,69.8,69.8,88,75,10.36,broken clouds
31,huarmey,PE,-10.0681,-78.1522,76.57,76.57,68,1,10.09,clear sky
32,busselton,AU,-33.65,115.3333,67.48,67.48,47,0,4.05,clear sky
33,taft,IR,31.7471,54.2088,59.0,59.0,17,40,6.91,scattered clouds
34,rikitea,PF,-23.1203,-134.9692,80.02,80.02,73,5,7.47,clear sky
35,jalu,LY,29.0331,21.5482,76.35,76.35,15,54,10.67,broken clouds
36,kapaa,US,22.0752,-159.319,73.99,73.4,73,75,20.71,light rain
37,katsuura,JP,35.1333,140.3,64.4,62.01,82,75,8.05,mist
38,port elizabeth,ZA,-33.918,25.5701,64.0,64.0,86,6,1.99,light rain
39,cherskiy,RU,68.75,161.3,-16.55,-16.55,85,0,5.35,clear sky
40,nikolskoye,RU,59.7035,30.7861,27.0,25.0,86,90,13.42,snow
41,biak,ID,-0.9131,122.8766,77.11,77.11,76,100,2.24,overcast clouds
42,yellowknife,CA,62.456,-114.3525,10.99,10.0,61,75,20.71,snow
43,reyes,BO,-14.3167,-67.3833,87.8,84.2,66,40,6.91,scattered clouds
44,puerto ayora,EC,-0.7393,-90.3518,84.2,82.99,70,20,9.22,few clouds
45,sassandra,CI,4.95,-6.0833,79.18,79.18,85,89,6.98,overcast clouds
46,atuona,PF,-9.8,-139.0333,80.33,80.33,78,16,12.73,few clouds
47,swinoujscie,PL,53.9105,14.2471,36.0,35.01,81,100,1.99,overcast clouds
48,chokurdakh,RU,70.6333,147.9167,-17.45,-17.45,97,0,3.74,clear sky
49,aden,YE,12.7794,45.0367,77.86,77.86,64,0,7.56,clear sky
50,georgetown,MY,5.4112,100.3354,82.0,77.0,88,20,3.44,few clouds
51,dingle,PH,10.9995,122.6711,76.93,76.93,88,0,6.64,clear sky
52,nanortalik,GL,60.1432,-45.2371,31.41,31.41,98,100,14.09,snow
53,pitimbu,BR,-7.4706,-34.8086,78.8,78.8,83,0,9.22,clear sky
54,codrington,AU,-38.2667,141.9667,64.92,64.92,73,100,7.76,light rain
55,thompson,CA,55.7435,-97.8558,53.6,53.6,28,40,6.91,scattered clouds
56,aykhal,RU,66.0,111.5,-32.91,-32.91,96,100,38.9,overcast clouds
57,black river,JM,18.0264,-77.8487,82.4,81.0,74,20,8.05,few clouds
58,cidreira,BR,-30.1811,-50.2056,77.16,77.16,87,6,20.49,clear sky
59,ust-tsilma,RU,65.441,52.1498,3.49,3.49,96,59,3.87,broken clouds
60,yerbogachen,RU,61.2767,108.0108,-32.06,-32.06,91,0,6.35,clear sky
61,laguna,US,38.421,-121.4238,63.0,57.2,41,40,9.22,scattered clouds
62,umm kaddadah,SD,13.6017,26.6876,80.65,80.65,15,12,14.18,few clouds
63,lenger,KZ,42.183,69.8839,44.6,44.6,100,90,2.24,fog
64,valley city,US,46.9233,-98.0032,62.6,62.6,45,1,26.46,clear sky
65,sioux lookout,CA,50.1001,-91.917,57.2,57.2,35,40,13.8,scattered clouds
66,punta arenas,CL,-53.15,-70.9167,51.8,51.01,58,75,24.16,broken clouds
67,ponta do sol,PT,32.6667,-17.1,57.99,50.0,59,33,8.99,scattered clouds
68,tanete,ID,-3.9443,119.7848,75.54,75.54,91,81,0.89,broken clouds
69,bilma,NE,18.6853,12.9164,88.21,88.21,14,16,8.48,few clouds
70,wanning,CN,18.8003,110.3967,74.23,74.23,92,67,4.23,broken clouds
71,provideniya,RU,64.3833,-173.3,4.89,4.89,76,100,15.37,overcast clouds
72,yarada,IN,17.65,83.2667,77.0,77.0,94,40,2.3,mist
73,maceio,BR,-9.6658,-35.7353,78.8,78.8,83,75,9.22,broken clouds
74,isla vista,US,34.4133,-119.861,71.6,68.0,24,1,12.66,clear sky
75,pangnirtung,CA,66.1451,-65.7125,-15.21,-15.21,94,9,1.3,clear sky
76,bluff,NZ,-46.6,168.3333,54.0,54.0,96,87,3.0,overcast clouds
77,hobart,AU,-42.8794,147.3294,61.0,55.0,63,75,4.61,broken clouds
78,aklavik,CA,68.2191,-135.0107,-4.0,-4.0,59,20,2.3,few clouds
79,sakaiminato,JP,35.55,133.2333,55.4,53.6,100,75,5.75,mist
80,kichera,RU,55.9375,110.0997,19.98,19.98,95,100,5.32,snow
81,saint george,US,37.1041,-113.5841,71.6,70.0,20,40,33.38,scattered clouds
82,guadalupe y calvo,MX,26.1,-106.9667,70.41,70.41,9,0,11.45,clear sky
83,bengkulu,ID,-3.8004,102.2655,76.14,76.14,83,83,4.38,broken clouds
84,fort william,GB,56.8165,-5.1121,41.0,41.0,89,92,2.53,overcast clouds
85,victor harbor,AU,-35.5667,138.6167,64.99,64.99,86,2,7.02,clear sky
86,saldanha,ZA,-33.0117,17.9442,62.6,62.6,67,0,12.66,clear sky
87,new norfolk,AU,-42.7826,147.0587,62.01,55.0,63,8,1.01,clear sky
88,srivardhan,IN,18.0333,73.0167,72.72,72.72,69,0,5.03,clear sky
89,nemuro,JP,43.3236,145.575,30.69,30.69,92,100,17.31,light snow
90,tombouctou,ML,20.0,-3.0,77.52,77.52,13,0,9.64,clear sky
91,san policarpo,PH,12.1791,125.5072,81.05,81.05,83,99,13.31,overcast clouds
92,andra,RU,62.5147,65.8878,5.2,5.2,94,100,8.75,light snow
93,lavrentiya,RU,65.5833,-171.0,0.97,0.97,81,100,13.91,overcast clouds
94,kaitangata,NZ,-46.2817,169.8464,59.0,59.0,72,68,4.0,broken clouds
95,jamestown,US,42.097,-79.2353,53.6,45.0,20,1,3.96,clear sky
96,mar del plata,AR,-38.0023,-57.5575,69.01,68.0,77,0,3.44,clear sky
97,victoria,HK,22.2855,114.1577,75.0,64.99,85,56,5.19,broken clouds
98,los llanos de aridane,ES,28.6585,-17.9182,64.4,55.0,59,90,17.27,overcast clouds
99,baghmara,IN,23.795,86.2085,77.4,77.4,31,0,2.06,clear sky
100,araouane,ML,18.9048,-3.5265,79.14,79.14,13,0,10.16,clear sky
101,carnot,CF,4.9409,15.8665,72.3,72.3,94,96,2.35,light rain
102,sola,VU,-13.8833,167.55,81.16,81.16,75,95,12.44,overcast clouds
103,hasaki,JP,35.7333,140.8333,62.6,55.4,88,75,13.8,light rain
104,sitka,US,57.0531,-135.33,35.6,35.6,64,90,14.97,light snow
105,celestun,MX,20.8667,-90.4,73.15,73.15,62,6,13.56,clear sky
106,geraldton,AU,-28.7667,114.6,71.6,71.6,35,0,13.8,clear sky
107,takhtamygda,RU,54.1,123.5667,2.77,2.77,98,60,0.43,broken clouds
108,lorengau,PG,-2.0226,147.2712,83.16,83.16,76,100,8.59,overcast clouds
109,baghdad,IQ,33.3406,44.4009,62.6,62.6,39,0,2.3,clear sky
110,qaanaaq,GL,77.484,-69.3632,-7.42,-7.42,99,100,4.29,overcast clouds
111,lodja,CD,-3.4833,23.4333,69.75,69.75,94,70,0.36,broken clouds
112,salalah,OM,17.0151,54.0924,77.0,77.0,73,0,3.44,clear sky
113,tarazona,ES,41.9,-1.7333,44.01,32.0,61,35,19.57,scattered clouds
114,mujiayingzi,CN,42.1167,118.7833,24.28,24.28,42,61,15.32,broken clouds
115,flagstaff,US,35.1981,-111.6513,59.0,53.6,40,20,20.71,few clouds
116,touros,BR,-5.1989,-35.4608,80.6,80.6,69,20,10.36,few clouds
117,nuuk,GL,64.1835,-51.7216,30.2,30.0,80,75,11.5,broken clouds
118,portland,US,45.5234,-122.6762,52.0,46.99,76,90,8.05,overcast clouds
119,teguise,ES,29.0605,-13.564,64.4,64.4,68,75,12.66,broken clouds
120,mamallapuram,IN,12.6264,80.1722,75.2,75.2,94,40,0.49,mist
121,trairi,BR,-3.2778,-39.2689,78.93,78.93,75,2,9.01,clear sky
122,lompoc,US,34.6391,-120.4579,60.8,50.0,48,20,20.71,few clouds
123,carnarvon,AU,-24.8667,113.6333,71.6,71.6,88,0,6.91,clear sky
124,la palma,US,33.8464,-118.0467,68.0,62.6,55,20,11.5,few clouds
125,te anau,NZ,-45.4167,167.7167,55.65,55.65,73,78,0.31,broken clouds
126,sao joao da barra,BR,-21.6403,-41.0511,80.6,80.6,74,0,16.11,clear sky
127,alofi,NU,-19.0595,-169.9187,84.2,84.2,74,89,9.22,light rain
128,pacific grove,US,36.6177,-121.9166,57.2,53.01,58,1,12.66,clear sky
129,hualmay,PE,-11.0964,-77.6139,75.61,75.61,69,5,8.52,clear sky
130,iqaluit,CA,63.7506,-68.5145,-4.0,-4.0,65,20,13.8,few clouds
131,ambunti,PG,-4.2365,142.8448,75.92,75.92,97,100,0.54,overcast clouds
132,east london,ZA,-33.0153,27.9116,69.96,69.96,80,53,16.42,light rain
133,comodoro rivadavia,AR,-45.8667,-67.5,62.6,62.6,48,0,13.8,clear sky
134,luderitz,NA,-26.6481,15.1594,66.49,66.49,70,4,24.45,clear sky
135,cabo san lucas,MX,22.8909,-109.9124,86.0,82.4,21,20,9.22,few clouds
136,eirunepe,BR,-6.6603,-69.8736,77.68,77.68,90,100,2.95,overcast clouds
137,guerrero negro,MX,27.9769,-114.0611,71.71,71.71,50,40,20.8,scattered clouds
138,burns lake,CA,54.2331,-125.7533,32.0,32.0,40,59,9.22,broken clouds
139,egvekinot,RU,66.3167,-179.1667,-4.76,-4.76,79,100,9.66,overcast clouds
140,saint simons,US,31.1352,-81.3901,55.4,55.0,67,90,17.27,overcast clouds
141,desaguadero,PE,-16.5656,-69.0417,53.91,53.91,50,47,3.53,scattered clouds
142,epe,NG,6.5841,3.9834,78.4,78.4,79,99,4.18,light rain
143,xichang,CN,27.8964,102.2634,47.66,47.66,72,19,4.63,few clouds
144,hofn,IS,64.2539,-15.2082,41.16,41.16,64,100,11.03,overcast clouds
145,gat,IL,31.61,34.7642,63.0,59.0,62,0,1.99,clear sky
146,tiksi,RU,71.6872,128.8694,-17.66,-17.66,99,100,11.3,overcast clouds
147,tuatapere,NZ,-46.1333,167.6833,54.0,54.0,96,93,5.01,overcast clouds
148,kosh-agach,RU,50.0,88.6667,8.29,8.29,42,94,2.62,overcast clouds
149,hanmer springs,NZ,-42.5167,172.8167,63.55,63.55,53,0,2.37,clear sky
150,cayenne,GF,4.9333,-52.3333,80.6,80.01,83,90,4.61,overcast clouds
151,sorland,NO,67.667,12.6934,34.34,34.34,72,100,36.48,light snow
152,muroto,JP,33.2833,134.15,60.8,60.8,100,75,3.44,broken clouds
153,kiunga,PG,-6.1219,141.2906,72.9,72.9,99,100,3.53,light rain
154,deputatskiy,RU,69.3,139.9,-19.26,-19.26,99,81,2.62,broken clouds
155,pevek,RU,69.7008,170.3133,-21.69,-21.69,96,24,3.02,few clouds
156,flic en flac,MU,-20.2742,57.3631,80.01,78.8,89,75,10.36,light rain
157,biltine,TD,14.5333,20.9167,85.37,85.37,11,30,15.14,scattered clouds
158,ambilobe,MG,-13.2,49.05,74.25,74.25,94,77,2.48,broken clouds
159,lebu,CL,-37.6167,-73.65,60.44,60.44,73,5,6.55,clear sky
160,lagos,NG,6.5833,3.75,78.93,78.93,77,100,3.29,overcast clouds
161,cabra,ES,37.4725,-4.4421,44.6,44.6,61,0,4.61,clear sky
162,fairbanks,US,64.8378,-147.7164,19.0,15.8,38,1,10.36,clear sky
163,adrar,MR,20.5022,-10.0711,70.5,70.5,10,70,9.71,broken clouds
164,kavieng,PG,-2.5744,150.7967,84.13,84.13,74,66,10.83,moderate rain
165,norman wells,CA,65.282,-126.8329,-0.4,-0.4,60,40,12.66,scattered clouds
166,yumen,CN,40.2833,97.2,24.44,24.44,27,0,7.02,clear sky
167,grand gaube,MU,-20.0064,57.6608,80.01,80.01,84,12,8.99,light rain
168,hazorasp,UZ,41.3194,61.0742,42.8,42.8,87,54,4.61,broken clouds
169,olafsvik,IS,64.8945,-23.7142,41.67,41.67,84,100,30.18,light rain
170,constitucion,CL,-35.3333,-72.4167,62.08,62.08,71,100,8.72,overcast clouds
171,nynashamn,SE,58.9034,17.9479,39.99,32.0,85,95,5.01,overcast clouds
172,mocuba,MZ,-16.8392,36.9856,72.55,72.55,97,94,1.7,light rain
173,bambous virieux,MU,-20.3428,57.7575,80.01,78.8,89,75,10.36,moderate rain
174,agogo,GH,6.8,-1.0819,73.63,73.63,89,61,3.22,moderate rain
175,gornopravdinsk,RU,60.05,69.9,25.09,25.09,97,100,5.21,light snow
176,esso,RU,55.9333,158.7,4.75,4.75,86,0,4.56,clear sky
177,paracatu,BR,-17.2222,-46.8747,69.94,69.94,88,6,4.14,clear sky
178,souillac,MU,-20.5167,57.5167,78.8,78.8,89,75,10.36,light rain
179,grindavik,IS,63.8424,-22.4338,41.0,41.0,87,90,24.16,overcast clouds
180,kindu,CD,-2.95,25.95,70.84,70.84,97,100,1.74,light rain
181,wum,CM,6.3833,10.0667,69.26,69.26,81,100,2.04,overcast clouds
182,bethel,US,41.3712,-73.414,59.0,54.0,20,1,6.91,clear sky
183,klaksvik,FO,62.2266,-6.589,42.8,42.8,75,90,11.5,overcast clouds
184,majene,ID,-3.5403,118.9707,78.26,78.26,79,89,4.54,overcast clouds
185,fort nelson,CA,58.8053,-122.7002,15.8,15.8,53,75,8.05,broken clouds
186,bireun,ID,5.203,96.7009,77.56,77.56,81,78,2.51,broken clouds
187,saskylakh,RU,71.9167,114.0833,-35.23,-35.23,99,100,10.07,overcast clouds
188,tobermory,CA,45.2501,-81.6665,41.0,41.0,60,0,9.22,clear sky
189,port-gentil,GA,-0.7193,8.7815,80.6,80.6,94,90,3.44,moderate rain
190,ludvika,SE,60.1496,15.1878,43.0,42.01,56,40,17.27,scattered clouds
191,mana,GF,5.6592,-53.7767,76.98,76.98,85,28,8.77,scattered clouds
192,ilulissat,GL,69.2167,-51.1,19.4,19.4,58,20,3.44,few clouds
193,severobaykalsk,RU,55.65,109.3167,14.2,14.2,91,77,2.73,broken clouds
194,vanimo,PG,-2.6741,141.3028,78.53,78.53,87,99,5.91,light rain
195,takoradi,GH,4.8845,-1.7554,80.55,80.55,81,48,6.6,scattered clouds
196,padang,ID,-0.9492,100.3543,75.2,75.2,94,40,3.44,scattered clouds
197,hamilton,US,39.1834,-84.5333,61.0,57.99,21,1,4.61,clear sky
198,rio grande,BR,-32.035,-52.0986,77.0,77.0,81,0,3.0,light rain
199,salekhard,RU,66.53,66.6019,-14.82,-14.82,89,100,12.21,overcast clouds
200,beringovskiy,RU,63.05,179.3167,-1.95,-1.95,93,100,13.73,overcast clouds
201,kutum,SD,14.2,24.6667,72.63,72.63,17,3,11.56,clear sky
202,chaman,PK,30.9236,66.4512,61.77,61.77,53,100,2.21,light rain
203,batsfjord,NO,70.6345,29.7185,28.08,28.08,85,79,12.26,broken clouds
204,jiwani,PK,25.05,61.7417,78.51,78.51,64,21,9.82,few clouds
205,bata,GQ,1.8639,9.7658,73.4,73.4,100,40,5.99,light rain
206,preeceville,CA,51.95,-102.6677,35.19,35.19,99,100,4.68,overcast clouds
207,tiznit,MA,29.5833,-9.5,51.96,51.96,83,62,14.85,broken clouds
208,mount gambier,AU,-37.8333,140.7667,57.2,57.2,94,66,4.5,broken clouds
209,meulaboh,ID,4.1363,96.1285,76.46,76.46,89,68,5.1,broken clouds
210,funtua,NG,11.5233,7.3081,83.52,83.52,23,98,4.38,overcast clouds
211,chuy,UY,-33.6971,-53.4616,73.27,73.27,86,73,7.92,light rain
212,sambava,MG,-14.2667,50.1667,76.5,76.5,88,99,9.95,overcast clouds
213,merauke,ID,-8.4667,140.3333,77.86,77.86,86,98,7.16,overcast clouds
214,cumberland,US,35.0502,-78.8664,53.01,48.99,54,90,11.5,overcast clouds
215,palmer,US,42.1584,-72.3287,57.2,51.01,19,20,13.8,few clouds
216,rawson,AR,-43.3002,-65.1023,60.69,60.69,62,0,15.41,clear sky
217,itoman,JP,26.1247,127.6694,69.8,68.0,83,75,13.8,broken clouds
218,atikokan,CA,48.7555,-91.6216,50.58,50.58,55,0,11.32,clear sky
219,shimoda,JP,34.6667,138.95,61.0,57.99,94,100,21.0,moderate rain
220,tasiilaq,GL,65.6145,-37.6368,23.0,23.0,93,90,41.43,heavy snow
221,ancud,CL,-41.8697,-73.8203,66.0,54.0,55,0,4.61,clear sky
222,la tuque,CA,47.4334,-72.7824,53.6,53.6,26,90,6.91,overcast clouds
223,port hardy,CA,50.6996,-127.4199,41.0,41.0,65,75,5.75,broken clouds
224,veraval,IN,20.9,70.3667,75.04,75.04,63,0,9.82,clear sky
225,buchanan,LR,5.8808,-10.0467,77.0,77.0,83,75,6.26,broken clouds
226,bac giang,VN,21.2667,106.2,75.2,75.2,94,90,4.61,mist
227,poum,NC,-20.2333,164.0167,78.8,78.8,75,86,12.88,overcast clouds
228,januaria,BR,-15.4833,-44.3667,73.8,73.8,77,36,5.5,scattered clouds
229,yarmouth,US,41.7057,-70.2286,46.4,41.0,34,1,18.41,clear sky
230,mandera,KE,3.9366,41.867,85.5,85.5,52,35,5.93,scattered clouds
231,kudat,MY,6.8837,116.8477,78.8,78.01,94,40,3.44,scattered clouds
232,broken hill,AU,-31.95,141.4333,66.2,66.2,68,100,12.66,overcast clouds
233,male,MV,4.1748,73.5089,82.4,82.4,83,75,6.91,broken clouds
234,joensuu,FI,62.6012,29.7632,30.0,28.4,100,90,8.05,light snow
235,polunochnoye,RU,60.8697,60.4153,0.23,0.23,95,98,5.75,overcast clouds
236,ugoofaaru,MV,5.6667,73.0,82.92,82.92,69,0,6.4,clear sky
237,tacuati,PY,-23.45,-56.5833,79.27,79.27,83,96,3.27,overcast clouds
238,saint-augustin,CA,51.226,-58.6502,17.69,17.69,77,33,6.46,scattered clouds
239,torbay,CA,47.6666,-52.7314,25.0,23.0,68,75,17.27,broken clouds
240,kaeo,NZ,-35.1,173.7833,66.99,66.99,69,5,8.99,clear sky
241,erenhot,CN,43.6475,111.9767,23.5,23.5,34,0,12.64,clear sky
242,ostrovnoy,RU,68.0531,39.5131,16.81,16.81,93,64,14.43,broken clouds
243,fortuna,US,40.5982,-124.1573,55.0,50.0,81,75,11.5,broken clouds
244,katete,UG,-0.7818,29.7544,63.48,63.48,80,96,3.02,overcast clouds
245,flinders,AU,-34.5833,150.8552,69.01,69.01,91,100,3.0,light rain
246,birjand,IR,32.8663,59.2211,42.8,42.8,19,0,9.22,clear sky
247,bathsheba,BB,13.2167,-59.5167,77.4,77.4,75,100,16.69,overcast clouds
248,ortakoy,TR,38.7373,34.0387,44.6,44.6,70,75,8.05,broken clouds
249,hami,CN,42.8,93.45,33.89,33.89,16,0,4.21,clear sky
250,fare,PF,-16.7,-151.0167,83.07,83.07,67,10,7.58,light rain
251,grand baie,MU,-20.0182,57.5802,80.01,80.01,84,11,8.99,light rain
252,lukulu,ZM,-14.3707,23.242,66.27,66.27,92,0,3.85,clear sky
253,wajima,JP,37.4,136.9,52.56,52.56,91,100,3.91,overcast clouds
254,miri,MY,4.4148,114.0089,77.0,77.0,100,40,2.3,scattered clouds
255,atambua,ID,-9.1061,124.8925,74.46,74.46,85,46,2.3,scattered clouds
256,teya,RU,60.3778,92.6267,19.31,19.31,96,100,4.45,overcast clouds
257,reconquista,AR,-29.15,-59.65,68.11,68.11,94,100,14.47,light rain
258,kyzyl,RU,51.7,94.45,6.13,6.13,82,27,1.12,scattered clouds
259,yunyang,CN,33.4474,112.7142,46.94,46.94,31,100,8.68,overcast clouds
260,saint-philippe,RE,-21.3585,55.7679,78.8,64.99,78,20,10.36,light rain
261,airai,TL,-8.9266,125.4092,60.35,60.35,84,51,2.48,broken clouds
262,jablanica,BA,43.6603,17.7617,46.4,33.8,39,20,3.44,few clouds
263,anchorage,US,61.2181,-149.9003,19.0,14.0,48,90,8.05,overcast clouds
264,oranjestad,AW,12.524,-70.027,82.4,82.4,74,40,20.71,scattered clouds
265,beloha,MG,-25.1667,45.05,74.39,74.39,79,2,6.06,clear sky
266,mercedes,AR,-34.6515,-59.4307,69.01,69.01,63,77,3.0,broken clouds
267,najran,SA,17.4924,44.1277,69.8,69.8,23,0,0.54,clear sky
268,magadan,RU,59.5667,150.8,2.95,2.95,84,68,3.09,broken clouds
269,karakol,KG,42.4907,78.3936,35.85,35.85,42,37,5.08,scattered clouds
270,port blair,IN,11.6667,92.75,77.47,77.47,75,85,3.83,overcast clouds
271,gizo,SB,-8.103,156.8419,81.84,81.84,79,95,5.5,overcast clouds
272,chumphon,TH,10.3333,98.8333,69.06,69.06,95,53,0.22,broken clouds
273,karasjok,NO,69.4719,25.5112,30.2,30.2,74,0,6.91,light snow
274,dakoro,NE,14.5106,6.765,88.02,88.02,15,98,7.05,overcast clouds
275,nipawin,CA,53.3668,-104.0009,46.4,44.6,57,1,3.44,clear sky
276,ferrol,ES,43.4832,-8.2369,48.99,44.01,57,0,13.8,clear sky
277,escanaba,US,45.7453,-87.0646,48.99,46.4,46,1,12.66,clear sky
278,nyurba,RU,63.2842,118.3319,-20.74,-20.74,87,74,11.1,broken clouds
279,mount isa,AU,-20.7333,139.5,75.2,75.2,83,100,5.75,overcast clouds
280,ribeira grande,PT,38.5167,-28.7,60.8,60.8,72,20,14.97,few clouds
281,kikwit,CD,-5.041,18.8162,71.49,71.49,95,95,1.92,overcast clouds
282,toyooka,JP,35.5333,134.8333,57.2,57.2,94,75,9.22,broken clouds
283,hounde,BF,11.5,-3.5167,83.8,83.8,40,11,4.9,few clouds
284,clyde river,CA,70.4692,-68.5914,-14.8,-14.8,84,1,2.3,clear sky
285,samarai,PG,-10.6167,150.6667,83.7,83.7,76,100,6.22,overcast clouds
286,arlit,NE,18.7369,7.3853,82.35,82.35,7,11,6.96,few clouds
287,vila velha,BR,-20.3297,-40.2925,80.6,80.6,74,20,4.61,few clouds
288,itororo,BR,-15.1169,-40.0703,71.2,71.2,91,98,4.09,overcast clouds
289,vagur,FO,61.4732,-6.8119,43.09,43.09,74,100,22.84,overcast clouds
290,salinas,US,36.6777,-121.6555,59.0,54.0,55,75,16.11,broken clouds
291,prince rupert,CA,54.3161,-130.3201,39.2,35.6,87,90,5.75,light snow
292,hammerfest,NO,70.6634,23.6821,30.2,30.2,93,90,3.44,light snow
293,esperance,AU,-33.8667,121.9,57.2,57.2,94,46,10.36,scattered clouds
294,shahr-e babak,IR,30.1165,55.1186,50.94,50.94,20,0,2.91,clear sky
295,usinsk,RU,65.9939,57.5281,7.03,7.03,96,88,4.21,overcast clouds
296,raudeberg,NO,61.9875,5.1352,37.99,37.99,78,99,17.74,overcast clouds
297,vostok,RU,46.4856,135.8833,19.22,19.22,91,96,5.26,overcast clouds
298,samana,DO,19.2056,-69.3369,80.6,80.6,78,20,6.91,few clouds
299,tautira,PF,-17.7333,-149.15,86.0,86.0,70,40,13.8,scattered clouds
300,waipawa,NZ,-41.4122,175.5153,61.0,57.99,77,75,19.57,broken clouds
301,bairiki,KI,1.3292,172.9752,82.4,82.4,78,40,13.8,scattered clouds
302,coracora,PE,-15.0333,-73.7833,53.64,53.64,66,18,8.72,few clouds
303,moba,CN,33.2288,105.0179,33.73,33.73,34,100,3.96,overcast clouds
304,san cristobal,VE,7.7669,-72.225,71.58,71.58,88,80,3.6,broken clouds
305,mahajanga,MG,-15.7167,46.3167,75.2,75.2,88,20,2.3,light rain
306,martaban,MM,16.5314,97.6111,76.19,76.19,73,50,4.72,scattered clouds
307,bitung,ID,1.4451,125.1824,75.2,75.2,94,20,1.14,few clouds
308,tessalit,ML,20.1986,1.0114,76.19,76.19,14,0,7.76,clear sky
309,college,US,64.8569,-147.8028,17.01,15.8,38,1,10.36,clear sky
310,longyearbyen,SJ,78.2186,15.6401,14.0,14.0,73,40,6.91,scattered clouds
311,longyan,CN,25.1072,117.0225,61.0,61.0,73,99,7.0,overcast clouds
312,shenjiamen,CN,29.9576,122.298,48.13,48.13,75,87,19.44,overcast clouds
313,valdosta,US,30.8327,-83.2785,62.6,59.0,39,90,9.22,overcast clouds
314,christchurch,NZ,-43.5333,172.6333,64.0,62.6,63,40,4.61,scattered clouds
315,banjar,ID,-8.19,114.9675,80.6,80.6,83,75,9.22,broken clouds
316,ifakara,TZ,-8.1333,36.6833,72.41,72.41,92,83,2.57,broken clouds
317,daru,PG,-9.0763,143.2092,81.32,81.32,85,100,6.33,overcast clouds
318,arraial do cabo,BR,-22.9661,-42.0278,80.6,78.8,83,0,19.57,clear sky
319,sinnamary,GF,5.3833,-52.95,77.05,77.05,86,33,9.73,scattered clouds
320,casablanca,MA,33.5928,-7.6192,55.0,46.4,81,40,5.75,scattered clouds
321,west odessa,US,31.8424,-102.4988,71.01,69.8,23,1,17.27,clear sky
322,nacala,MZ,-14.5428,40.6728,75.99,75.99,86,80,3.83,broken clouds
323,havre-saint-pierre,CA,50.2334,-63.5986,24.8,24.8,68,1,8.05,clear sky
324,general pico,AR,-35.6566,-63.7568,74.21,74.21,26,0,8.01,clear sky
325,kodiak,US,57.79,-152.4072,37.4,37.4,87,90,20.94,light rain
326,guarapari,BR,-20.6667,-40.4975,80.6,80.6,74,20,4.61,few clouds
327,porto nacional,BR,-10.7081,-48.4172,78.8,78.8,89,40,3.44,scattered clouds
328,sarkand,KZ,45.41,79.9186,37.45,37.45,41,79,6.46,broken clouds
329,pemba,MZ,-12.974,40.5178,80.6,80.6,89,20,4.61,few clouds
330,faanui,PF,-16.4833,-151.75,83.14,83.14,64,1,6.33,clear sky
331,marawi,PH,7.9986,124.2928,73.99,73.99,92,40,5.01,scattered clouds
332,namatanai,PG,-3.6667,152.4333,83.86,83.86,66,73,5.1,broken clouds
333,bac lieu,VN,9.285,105.7244,77.16,77.16,83,24,3.91,few clouds
334,kodinsk,RU,58.6881,99.1844,18.32,18.32,96,100,4.05,overcast clouds
335,paka,MY,4.6374,103.4368,75.2,75.2,94,100,3.67,overcast clouds
336,namibe,AO,-15.1961,12.1522,73.53,73.53,74,24,3.27,few clouds
337,severo-kurilsk,RU,50.6789,156.125,24.12,24.12,81,86,21.54,overcast clouds
338,libreville,GA,0.3925,9.4537,77.0,77.0,88,20,3.44,moderate rain
339,tatawin,TN,32.9297,10.4518,68.0,68.0,32,15,11.5,few clouds
340,bucerias,MX,20.75,-105.3333,75.2,75.2,69,1,14.97,clear sky
341,lisakovsk,KZ,52.5369,62.4936,21.54,21.54,90,26,13.38,scattered clouds
342,barranca,PE,-10.75,-77.7667,74.91,74.91,68,1,7.27,clear sky
343,perth,AU,-31.9333,115.8333,72.0,62.6,37,0,11.5,clear sky
344,sao filipe,CV,14.8961,-24.4956,71.4,71.4,70,37,5.28,scattered clouds
345,sainte-marie,RE,-20.8968,55.5496,75.2,64.99,88,75,16.11,light rain
346,doha,QA,25.2867,51.5333,69.8,66.99,49,0,12.66,clear sky
347,kundiawa,PG,-6.0167,144.9667,65.5,65.5,93,100,1.7,overcast clouds
348,maiduguri,NG,11.8464,13.1603,88.77,88.77,33,78,2.13,broken clouds
349,tecoanapa,MX,16.5167,-98.75,84.45,84.45,58,0,10.8,clear sky
350,acapulco,MX,16.8634,-99.8901,86.0,86.0,66,1,9.22,clear sky
351,steamboat springs,US,40.485,-106.8317,57.2,41.0,18,1,9.78,clear sky
352,hambantota,LK,6.1241,81.1185,77.68,77.68,81,77,5.01,broken clouds
353,macia,MZ,-25.0269,33.0989,68.99,68.99,90,0,1.86,clear sky
354,chicama,PE,-7.8447,-79.1469,75.2,75.2,78,0,8.05,clear sky
355,ambon,ID,-3.6954,128.1814,77.0,77.0,94,20,9.22,light rain
356,byron bay,AU,-28.65,153.6167,71.6,69.01,94,90,6.91,light rain
357,lucea,JM,18.451,-78.1736,82.4,81.0,74,20,8.05,few clouds
358,venice,US,27.0998,-82.4543,70.0,69.01,60,90,11.5,overcast clouds
359,kayerkan,RU,69.3497,87.7602,-22.59,-22.59,65,0,7.2,clear sky
360,robertson,US,36.5167,-86.8667,63.0,62.01,25,1,8.05,clear sky
361,ulladulla,AU,-35.35,150.4667,66.99,61.0,100,75,6.91,moderate rain
362,riyadh,SA,24.6877,46.7219,71.6,66.2,28,0,5.75,clear sky
363,high level,CA,58.5169,-117.136,14.0,14.0,85,90,11.5,snow
364,severodvinsk,RU,64.5635,39.8302,19.4,19.4,86,75,6.71,light snow
365,grenaa,DK,56.4158,10.8783,43.0,39.99,87,90,23.02,overcast clouds
366,san carlos,VE,9.6612,-68.5827,88.2,88.2,44,80,7.72,broken clouds
367,aras,ES,42.5617,-2.356,41.0,41.0,65,75,11.5,broken clouds
368,fort wayne,US,41.1306,-85.1289,55.4,53.6,37,1,5.75,clear sky
369,yatou,CN,37.15,122.3833,37.81,37.81,59,99,15.17,overcast clouds
370,nieves,PH,15.3274,120.9485,77.0,77.0,83,40,2.3,scattered clouds
371,requena,ES,39.4883,-1.1004,46.0,42.01,84,15,4.65,few clouds
372,lazo,RU,43.3817,133.9014,29.34,29.34,93,100,1.99,snow
373,chachapoyas,PE,-6.2317,-77.869,62.44,62.44,83,93,3.06,light rain
374,masaka,UG,-0.3338,31.7341,69.33,69.33,67,86,1.41,overcast clouds
375,ravar,IR,31.2656,56.8055,55.83,55.83,15,1,3.62,clear sky
376,saint-francois,FR,46.4154,3.9054,34.0,32.0,74,0,3.44,clear sky
377,bayeux,BR,-7.125,-34.9322,78.8,78.8,83,0,9.22,clear sky
378,afsin,TR,38.2477,36.914,39.09,39.09,79,56,3.22,broken clouds
379,changli,CN,39.7042,119.1506,35.56,35.56,33,0,14.34,clear sky
380,lujiang,CN,31.2581,117.2817,48.2,48.2,87,87,6.71,mist
381,svetlogorsk,BY,52.6333,29.7333,26.47,26.47,84,51,7.05,broken clouds
382,catuday,PH,16.2923,119.8062,79.09,79.09,79,82,5.08,broken clouds
383,santiago del estero,AR,-27.7951,-64.2615,68.25,68.25,85,89,7.52,overcast clouds
384,nador,MA,35.174,-2.9287,55.4,48.2,76,40,20.71,scattered clouds
385,vikulovo,RU,56.8167,70.6107,28.24,28.24,94,98,12.82,light snow
386,leningradskiy,RU,69.3833,178.4167,-10.77,-10.77,84,100,1.36,overcast clouds
387,santa cruz,BO,-17.8,-63.1667,86.0,82.4,65,40,9.22,scattered clouds
388,srednekolymsk,RU,67.45,153.6833,-7.06,-7.06,82,0,2.13,clear sky
389,behbahan,IR,30.5959,50.2417,53.6,53.6,43,0,5.39,clear sky
390,berbera,SO,10.4396,45.0143,76.5,76.5,81,8,3.15,clear sky
391,collingwood,CA,44.4834,-80.2164,57.2,46.4,42,0,3.44,clear sky
392,beidao,CN,34.5686,105.8933,36.77,36.77,34,100,2.75,overcast clouds
393,noumea,NC,-22.2763,166.4572,81.0,78.8,69,0,5.75,clear sky
394,wuwei,CN,37.9281,102.6414,24.06,24.06,33,0,3.83,clear sky
395,buraydah,SA,26.326,43.975,66.2,66.2,42,0,4.61,clear sky
396,san quintin,MX,30.4833,-115.95,64.29,64.29,69,0,24.79,clear sky
397,alta floresta,BR,-9.8756,-56.0861,73.69,73.69,94,99,1.52,overcast clouds
398,illela,NG,13.7292,5.2975,84.94,84.94,19,32,4.88,scattered clouds
399,sobolevo,RU,54.4299,31.8996,21.92,21.92,91,71,7.11,light snow
400,zvishavane,ZW,-20.3267,30.0665,65.07,65.07,72,0,3.15,clear sky
401,baoning,CN,25.3378,110.026,51.8,51.8,82,90,8.95,overcast clouds
402,seoul,KR,37.5683,126.9778,42.8,41.0,81,75,4.61,mist
403,makubetsu,JP,45.3714,141.8211,29.62,29.62,85,96,12.75,overcast clouds
404,polyanka,UA,50.2584,27.6881,28.04,28.04,78,23,6.04,few clouds
405,pringsewu,ID,-5.3582,104.9744,71.73,71.73,94,80,2.3,broken clouds
406,bandarbeyla,SO,9.4942,50.8122,76.71,76.71,80,1,10.04,clear sky
407,sidney,AU,-33.8679,151.2073,68.0,64.99,88,90,23.02,moderate rain
408,yulara,AU,-25.2406,130.9889,62.6,62.6,100,90,9.22,overcast clouds
409,lasa,IT,46.6166,10.7002,41.0,21.2,49,0,9.22,clear sky
410,tilichiki,RU,60.4667,166.1,-11.24,-11.24,88,3,7.63,clear sky
411,teofilo otoni,BR,-17.8575,-41.5053,69.58,69.58,96,1,3.36,clear sky
412,smithers,CA,54.7804,-127.1743,33.8,33.8,40,75,8.05,broken clouds
413,shelburne,CA,44.0787,-80.2041,57.2,55.4,23,1,4.61,clear sky
414,bograd,RU,54.2344,90.8328,12.2,12.2,85,93,2.24,mist
415,pangody,RU,65.85,74.4859,-6.09,-6.09,91,100,18.1,light snow
416,lagoa,PT,39.05,-27.9833,57.92,57.92,81,100,13.58,overcast clouds
417,isangel,VU,-19.55,169.2667,79.79,79.79,74,100,8.97,overcast clouds
418,saint-pierre,RE,-21.3393,55.4781,78.8,64.99,78,20,10.36,few clouds
419,yaring,TH,6.8662,101.3689,74.41,74.41,87,94,5.06,overcast clouds
420,chapais,CA,49.7834,-74.8492,50.0,50.0,32,1,13.8,clear sky
421,abohar,IN,30.15,74.1833,70.92,70.92,30,45,3.42,scattered clouds
422,launceston,AU,-41.45,147.1667,59.0,53.6,82,36,11.5,scattered clouds
423,matadi,CD,-5.8167,13.45,77.74,77.74,96,100,3.0,moderate rain
424,necochea,AR,-38.5473,-58.7368,66.0,66.0,76,94,5.99,overcast clouds
425,yeppoon,AU,-23.1333,150.7333,77.0,77.0,88,90,4.61,heavy intensity drizzle
426,jurado,CO,7.1053,-77.7641,81.01,81.01,81,99,4.12,light rain
427,songadh,IN,21.1667,73.5667,69.12,69.12,41,0,2.51,clear sky
428,baruun-urt,MN,46.6806,113.2792,14.36,14.36,67,39,9.17,scattered clouds
429,duku,NG,11.2361,4.9073,89.31,89.31,20,87,2.44,overcast clouds
430,linxia,CN,35.6003,103.2064,27.55,27.55,56,86,0.69,overcast clouds
431,si sa ket,TH,14.8333,104.3333,81.0,80.01,65,76,6.13,broken clouds
432,bubaque,GW,11.2833,-15.8333,78.33,78.33,68,62,18.79,broken clouds
433,lata,PT,40.1629,-8.3327,55.0,50.0,71,0,9.22,clear sky
434,kade,DE,52.3833,12.2667,39.99,37.99,55,100,5.01,overcast clouds
435,minas,UY,-34.3759,-55.2377,68.0,68.0,100,75,5.75,broken clouds
436,elk plain,US,47.0532,-122.3976,54.0,48.0,62,90,6.91,overcast clouds
437,aloleng,PH,16.1307,119.7824,80.17,80.17,79,75,5.68,broken clouds
438,muscle shoals,US,34.7448,-87.6675,64.4,63.0,32,1,5.75,clear sky
439,baglan,AF,36.1307,68.7083,54.1,54.1,84,100,5.53,overcast clouds
440,valparaiso,CL,-33.0393,-71.6273,69.8,64.0,40,0,12.66,clear sky
441,husavik,IS,66.0449,-17.3389,41.0,41.0,65,90,20.71,overcast clouds
442,villa de san francisco,HN,14.1667,-86.9667,80.6,80.01,47,75,9.22,broken clouds
443,basco,PH,20.4487,121.9702,78.94,78.94,81,7,18.28,clear sky
444,iquique,CL,-20.2208,-70.1431,75.2,75.2,50,0,21.85,clear sky
445,moerai,PF,-22.4333,-151.3333,78.28,78.28,69,38,9.1,scattered clouds
446,neiafu,TO,-18.65,-173.9833,82.4,82.4,78,40,9.22,scattered clouds
447,muros,ES,42.7762,-9.0603,48.99,46.99,53,0,22.15,clear sky
448,takaungu,KE,-3.6837,39.8566,79.16,79.16,81,0,7.0,clear sky
449,boa vista,BR,2.8197,-60.6733,91.4,91.4,31,0,9.22,clear sky
450,sao miguel do araguaia,BR,-13.275,-50.1628,75.63,75.63,83,82,2.59,light rain
451,petropavlovsk-kamchatskiy,RU,53.0452,158.6483,19.4,19.4,53,6,4.47,clear sky
452,gushikawa,JP,26.3544,127.8686,69.8,68.0,88,90,8.05,overcast clouds
453,jinxiang,CN,27.4327,120.6062,52.12,52.12,91,100,13.87,overcast clouds
454,quelimane,MZ,-17.8786,36.8883,80.6,80.6,83,20,4.07,few clouds
455,floresti,MD,47.8933,28.3014,32.79,32.79,63,0,4.47,clear sky
456,ndjole,GA,-0.1783,10.7649,71.8,71.8,98,100,4.74,moderate rain
457,lokoja,NG,7.8024,6.743,83.53,83.53,55,100,5.64,overcast clouds
458,zeya,RU,53.75,127.2667,12.94,12.94,96,93,1.5,overcast clouds
459,nichinan,JP,31.6,131.3667,64.4,64.4,94,75,10.36,light rain
460,ternate,ID,0.8,127.4,80.83,80.83,78,86,2.37,overcast clouds
461,aswan,EG,24.0934,32.907,80.31,80.31,18,0,7.56,clear sky
462,luganville,VU,-15.5333,167.1667,76.77,76.77,88,100,1.01,overcast clouds
463,noginsk,RU,55.8665,38.4438,28.4,28.4,74,75,6.71,snow
464,mersing,MY,2.4312,103.8405,75.2,75.2,94,100,4.61,overcast clouds
465,kungurtug,RU,50.5994,97.5228,5.86,5.86,76,0,3.06,clear sky
466,quarteira,PT,37.0695,-8.1006,57.2,57.2,28,0,9.22,clear sky
467,vila do maio,CV,15.1333,-23.2167,69.8,69.8,68,20,10.36,few clouds
468,bowen,AU,-20.0167,148.2333,77.0,77.0,94,40,8.05,scattered clouds
469,rzhanitsa,RU,53.4284,33.923,24.28,24.28,93,43,5.61,scattered clouds
470,formosa,AR,-26.1775,-58.1781,89.6,89.6,62,90,11.5,overcast clouds
471,mogwase,ZA,-25.185,27.2665,71.13,71.13,53,90,5.44,overcast clouds
472,sinop,TR,41.7711,34.8709,36.5,36.5,96,100,3.33,light rain
473,the valley,AI,18.217,-63.0578,80.6,78.01,69,20,17.27,few clouds
474,lazaro cardenas,MX,17.9583,-102.2,84.76,84.76,53,0,12.95,clear sky
475,vao,NC,-22.6667,167.4833,75.94,75.94,76,0,17.22,clear sky
476,sokolo,ML,14.7328,-6.1219,80.73,80.73,19,23,0.96,few clouds
477,raton,US,36.9034,-104.4391,71.6,71.6,6,1,26.46,clear sky
478,faya,SA,18.3851,42.4509,62.6,62.6,48,0,4.61,clear sky
479,abalak,RU,58.1286,68.5944,25.97,25.97,96,100,8.19,light snow
480,fethiye,TR,36.6217,29.1164,55.4,55.4,94,40,4.61,scattered clouds
481,katangli,RU,51.7102,143.2326,21.0,21.0,83,100,9.46,overcast clouds
482,bud,US,39.447,-86.1758,59.0,57.99,34,0,5.73,clear sky
483,marsaxlokk,MT,35.8419,14.5431,59.0,57.99,94,40,13.8,scattered clouds
484,strezhevoy,RU,60.7333,77.5889,26.6,26.6,100,90,6.71,light snow
485,zhigansk,RU,66.7697,123.3711,15.31,15.31,93,100,22.73,light snow
486,ahipara,NZ,-35.1667,173.1667,65.82,65.82,53,2,7.36,clear sky
487,picos,BR,-7.0769,-41.4669,74.93,74.93,88,91,2.95,overcast clouds
488,altayskoye,RU,51.9533,85.3325,26.44,26.44,76,100,3.65,overcast clouds
489,saint-felicien,CA,48.6501,-72.4491,53.6,46.4,30,75,9.22,broken clouds
490,qui nhon,VN,13.7667,109.2333,76.77,76.77,90,83,2.04,broken clouds
491,severnyy,RU,50.677,36.5532,32.0,32.0,93,0,8.95,clear sky
492,vaxjo,SE,56.8777,14.8091,39.2,37.99,100,90,12.66,overcast clouds
493,teknaf,BD,20.8624,92.3058,72.84,72.84,57,91,5.95,overcast clouds
494,svetlaya,RU,46.5389,138.3297,28.47,28.47,88,96,7.81,overcast clouds
495,chippewa falls,US,44.9369,-91.3929,60.01,57.99,18,1,20.71,clear sky
496,da nang,VN,16.0678,108.2208,78.8,78.8,89,40,5.75,scattered clouds
497,primo tapia,MX,32.22,-116.9172,62.6,60.8,63,40,10.36,scattered clouds
498,dunedin,NZ,-45.8742,170.5036,57.99,57.99,73,46,8.99,scattered clouds
499,marsa matruh,EG,31.3525,27.2453,62.6,62.6,88,0,5.75,clear sky
500,kavaratti,IN,10.5669,72.642,82.47,82.47,65,6,5.82,clear sky
501,asau,RO,46.4333,26.4,30.99,30.99,64,100,2.26,light snow
502,pishin,PK,30.5803,66.9961,59.22,59.22,54,98,4.54,overcast clouds
503,honiara,SB,-9.4333,159.95,83.5,83.5,74,76,2.44,light rain
504,ozinki,RU,51.1786,49.6769,22.05,22.05,94,100,7.0,overcast clouds
505,northam,GB,51.0333,-4.2167,48.0,45.0,89,87,1.99,overcast clouds
506,korla,CN,41.7597,86.1469,38.08,38.08,51,0,3.0,clear sky
507,adiake,CI,5.2863,-3.304,80.6,80.6,89,20,8.05,few clouds
508,bulawayo,ZW,-20.15,28.5833,63.18,63.18,75,7,8.63,clear sky
509,parkersburg,US,39.2667,-81.5615,60.8,60.8,16,1,3.44,clear sky
510,kahului,US,20.8947,-156.47,73.4,68.0,83,40,17.27,scattered clouds
511,ust-kulom,RU,61.6864,53.6902,10.02,10.02,97,80,5.32,broken clouds
512,broome,US,42.2506,-75.833,50.0,48.0,29,1,6.91,clear sky
513,maple creek,CA,49.9168,-109.4848,53.6,42.8,22,96,12.66,overcast clouds
514,jinzhou,CN,41.1078,121.1417,35.56,35.56,47,23,15.5,few clouds
515,sfantu gheorghe,RO,45.8667,25.7833,30.0,26.01,81,100,3.0,overcast clouds
516,avera,US,33.194,-82.5271,57.2,55.4,38,1,14.97,clear sky
517,kununurra,AU,-15.7667,128.7333,73.4,73.4,100,75,4.61,broken clouds
518,mikhaylovka,RU,50.06,43.2379,26.01,26.01,92,100,2.82,overcast clouds
519,rio gallegos,AR,-51.6226,-69.2181,57.2,57.2,33,0,23.02,clear sky
520,vardo,NO,70.3705,31.1107,31.17,31.17,74,76,12.21,broken clouds
521,daimiel,ES,39.07,-3.615,39.0,39.0,55,17,1.01,few clouds
522,half moon bay,US,37.4636,-122.4286,59.0,53.01,71,1,11.5,clear sky
523,sabha,LY,27.0377,14.4283,72.48,72.48,17,0,5.7,clear sky
524,pochutla,MX,15.7432,-96.4661,93.99,91.4,35,20,11.5,few clouds
525,geri,CY,35.1,33.4167,55.99,50.0,87,20,4.61,few clouds
526,nabire,ID,-3.3667,135.4833,74.34,74.34,96,100,2.37,overcast clouds
527,armenia,AM,40.0,45.0,42.8,42.8,81,40,3.11,scattered clouds
528,key west,US,24.5557,-81.7826,75.2,71.01,57,1,13.8,clear sky
529,yola,NG,9.2,12.4833,80.58,80.58,62,100,6.55,overcast clouds
530,nanakuli,US,21.3906,-158.1547,80.6,71.6,50,40,6.91,scattered clouds
531,dali,CN,25.7,100.1833,52.05,52.05,46,60,3.85,broken clouds
532,nishihara,JP,26.1842,127.7558,69.8,68.0,83,90,11.5,overcast clouds
533,puerto leguizamo,CO,-0.1934,-74.7819,88.14,88.14,63,62,1.43,broken clouds
534,ban nahin,LA,18.2418,104.2122,76.75,76.75,80,38,3.65,scattered clouds
535,narsaq,GL,60.9167,-46.05,32.0,32.0,93,90,13.0,snow
536,yar-sale,RU,66.8333,70.8333,-11.63,-11.63,88,100,11.21,overcast clouds
537,koulikoro,ML,14.0,-7.75,86.68,86.68,35,28,8.84,scattered clouds
538,snasa,NO,64.2457,12.3778,32.14,32.14,94,100,18.59,snow
539,barela,IN,23.1,80.05,72.82,72.82,29,53,0.43,broken clouds
540,kaura namoda,NG,12.5898,6.5779,84.92,84.92,24,47,5.01,scattered clouds
541,quatre cocos,MU,-20.2078,57.7625,80.01,78.8,89,75,10.36,light rain
542,kuytun,RU,54.3419,101.5036,18.14,18.14,80,99,3.85,overcast clouds
543,wasilla,US,61.5814,-149.4394,24.01,17.6,35,90,11.5,overcast clouds
544,taoudenni,ML,22.6783,-3.9836,71.74,71.74,8,0,9.04,clear sky
545,zaozerne,UA,45.1582,33.2787,36.0,36.0,62,65,7.18,broken clouds
546,nioro,GM,13.35,-15.75,76.77,76.77,33,55,9.42,broken clouds
547,akyab,MM,20.15,92.9,71.2,71.2,70,71,6.69,broken clouds
548,chirnside,GB,55.8022,-2.2093,46.0,46.0,80,49,10.22,scattered clouds
549,kalemie,CD,-5.9475,29.1947,71.58,71.58,84,29,1.95,scattered clouds
550,capao bonito,BR,-24.0058,-48.3494,70.07,70.07,95,50,5.73,scattered clouds
551,zhumadian,CN,32.9794,114.0294,43.83,43.83,67,86,7.87,overcast clouds
552,mayo,US,38.8876,-76.5119,54.0,50.0,32,1,6.91,clear sky
553,shakiso,ET,5.75,38.9167,61.59,61.59,94,99,2.24,light rain
554,komsomolskiy,UZ,40.4272,71.7189,50.0,50.0,87,90,9.22,light rain
555,ranong,TH,9.9658,98.6348,76.17,76.17,88,73,2.17,broken clouds
556,kang,BW,-23.6752,22.7876,71.74,71.74,47,34,4.05,scattered clouds
557,forio,IT,40.7342,13.8646,48.99,44.01,59,100,8.99,overcast clouds
558,ceska skalice,CZ,50.3947,16.0428,23.0,21.99,82,21,1.01,few clouds
559,palu,ID,-0.8917,119.8707,74.46,74.46,91,93,3.04,overcast clouds
560,kulhudhuffushi,MV,6.6221,73.07,82.78,82.78,68,8,6.69,clear sky
561,canmore,CA,51.0834,-115.3521,44.6,37.4,48,5,11.5,clear sky
562,daura,NG,11.5538,11.4085,82.92,82.92,43,82,9.31,broken clouds
563,ketchikan,US,55.3422,-131.6461,37.4,37.4,75,90,9.22,light snow
564,peniche,PT,39.3558,-9.3811,52.0,50.0,79,0,5.99,clear sky
565,port moresby,PG,-9.4431,147.1797,79.38,79.38,84,100,3.09,overcast clouds
566,augusto correa,BR,-1.0217,-46.635,75.16,75.16,89,69,2.84,broken clouds
567,fuxin,CN,42.0156,121.6589,32.05,32.05,66,88,19.84,overcast clouds
568,plettenberg bay,ZA,-34.0527,23.3716,62.98,62.98,87,91,7.54,light rain
569,russell,US,32.3502,-85.1999,62.6,60.01,25,1,6.91,clear sky
570,tongzi,CN,28.7829,105.0877,49.21,49.21,82,100,8.81,light rain
571,katherine,AU,-14.4667,132.2667,75.2,75.2,100,54,6.91,broken clouds
572,alamosa,US,37.4695,-105.87,64.4,64.4,8,20,29.93,haze
573,cuamba,MZ,-14.8031,36.5372,69.55,69.55,97,100,2.06,overcast clouds
574,malanje,AO,-9.5402,16.341,65.14,65.14,94,99,3.15,overcast clouds
575,jinka,ET,5.65,36.65,66.24,66.24,74,26,4.18,scattered clouds
576,tazovskiy,RU,67.4667,78.7,-14.71,-14.71,83,100,17.02,overcast clouds
577,san jose,US,37.3394,-121.895,60.01,55.0,47,40,13.8,scattered clouds
578,anadyr,RU,64.75,177.4833,-7.6,-7.6,71,0,11.18,clear sky
579,fomboni,KM,-12.28,43.7425,84.04,84.04,70,23,6.31,few clouds
580,bonthe,SL,7.5264,-12.505,77.56,77.56,73,23,6.51,few clouds
581,mawlaik,MM,23.6333,94.4167,69.62,69.62,35,100,1.03,overcast clouds
582,morondava,MG,-20.2833,44.2833,79.03,79.03,82,2,4.12,clear sky
583,kirakira,SB,-10.4544,161.9205,82.11,82.11,80,81,6.11,light rain
584,santa fe,AR,-31.6333,-60.7,71.01,71.01,88,100,1.99,light rain
585,wuda,CN,39.4994,106.7117,24.15,24.15,27,0,4.07,clear sky
586,tromso,NO,69.6496,18.957,30.2,28.99,86,90,11.5,light snow
587,rabo de peixe,PT,37.8,-25.5833,59.0,59.0,63,75,8.05,broken clouds
588,pechora,RU,65.1472,57.2244,9.55,9.55,96,91,1.28,overcast clouds
589,businga,CD,3.3333,20.8833,72.32,72.32,97,100,2.1,moderate rain
590,paamiut,GL,61.994,-49.6678,27.32,27.32,95,100,24.25,light snow
591,mayumba,GA,-3.432,10.6554,78.15,78.15,81,100,1.66,light rain
592,santa maria,BR,-29.6842,-53.8069,93.2,93.2,43,20,9.22,few clouds
593,arona,ES,28.0996,-16.681,64.99,52.0,63,20,5.75,few clouds
594,krasnoselkup,RU,65.7,82.4667,-4.13,-4.13,80,100,23.58,overcast clouds
595,buala,SB,-8.145,159.5921,83.77,83.77,73,98,2.24,light rain
596,kabalo,CD,-6.05,26.9167,70.43,70.43,93,97,2.51,overcast clouds
597,huanren,CN,41.2647,125.3667,32.72,32.72,89,74,2.06,broken clouds
598,lumberton,US,34.6182,-79.0086,51.8,48.99,58,90,6.91,overcast clouds
599,hohhot,CN,40.8106,111.6522,21.2,21.2,49,0,4.47,clear sky
600,pestravka,RU,52.405,49.9583,19.63,19.63,91,100,5.93,snow
601,rapina,EE,58.0981,27.4636,28.99,27.0,86,75,17.27,snow
602,caluquembe,AO,-13.7833,14.6833,61.23,61.23,89,99,2.06,overcast clouds
603,isabela,PH,6.7085,121.9711,78.8,78.8,89,90,1.14,light rain
604,kabale,UG,-1.2486,29.9899,57.22,57.22,93,97,2.68,overcast clouds
605,berlevag,NO,70.8578,29.0864,32.13,32.13,81,99,15.48,overcast clouds
606,nouadhibou,MR,20.931,-17.0347,64.4,64.4,72,90,18.41,sand
607,novosheshminsk,RU,55.0651,51.2338,21.54,21.54,93,100,7.2,overcast clouds
608,nelson bay,AU,-32.7167,152.15,68.0,66.99,100,90,14.97,moderate rain
609,aksehir,TR,38.3575,31.4164,43.97,43.97,87,12,5.35,few clouds
610,chulman,RU,56.8479,124.9104,-3.14,-3.14,97,36,4.29,scattered clouds
611,carai,BR,-17.1889,-41.6947,65.95,65.95,96,9,7.9,clear sky
612,godfrey,US,38.9556,-90.1868,60.01,59.0,44,1,9.22,clear sky
613,makaleng,BW,-20.9,27.2833,68.18,68.18,64,0,8.23,clear sky
614,eureka,US,40.8021,-124.1637,57.0,55.0,62,85,5.99,overcast clouds
615,sault sainte marie,CA,46.5168,-84.3333,50.0,48.2,29,1,14.97,clear sky
616,torrijos,ES,39.9819,-4.2835,44.6,41.0,36,0,6.91,clear sky
617,omboue,GA,-1.5746,9.2618,77.79,77.79,85,98,5.59,light rain
618,zabaykalsk,RU,49.6333,117.3167,10.87,10.87,91,32,10.27,scattered clouds
619,gweta,BW,-20.1833,25.2333,79.11,79.11,39,60,11.56,broken clouds
620,kiruna,SE,67.8557,20.2251,28.4,28.4,100,75,18.41,light snow
621,dossor,KZ,47.5272,52.9811,32.16,32.16,79,100,7.76,overcast clouds
622,tateyama,JP,34.9833,139.8667,64.4,62.01,82,75,9.22,light rain
623,ashcroft,CA,50.7165,-121.2859,53.6,43.0,37,75,14.97,light rain
624,derzhavinsk,KZ,51.1,66.3167,28.22,28.22,93,91,21.77,light snow
625,sawtell,AU,-30.3833,153.1,70.0,69.01,94,90,3.44,heavy intensity rain
626,madoc,CA,44.5084,-77.4745,50.0,46.0,40,20,10.36,few clouds
627,roma,US,43.2128,-75.4557,53.6,53.6,26,1,12.66,clear sky
628,hailar,CN,49.2,119.7,16.74,16.74,77,0,7.76,clear sky
629,genhe,CN,50.7833,121.5167,5.11,5.11,93,0,2.06,clear sky
630,samut sakhon,TH,13.5833,100.3,82.99,82.4,83,20,4.61,few clouds
631,chateaudun,FR,48.0833,1.3333,39.2,35.6,75,0,6.91,clear sky
632,tafresh,IR,34.692,50.013,43.83,43.83,30,100,4.21,overcast clouds
633,imeni poliny osipenko,RU,52.4201,136.4853,18.82,18.82,94,100,2.64,overcast clouds
634,rehoboth,NA,-23.3167,17.0833,70.07,70.07,48,17,5.53,few clouds
635,shimanovsk,RU,52.0,127.7,15.17,15.17,95,10,2.28,clear sky
636,pervomayskoye,RU,43.919,46.7102,43.36,43.36,73,95,3.42,overcast clouds
637,ewa beach,US,21.3156,-158.0072,80.6,71.6,50,40,6.91,scattered clouds
638,goderich,CA,43.7501,-81.7165,48.2,48.2,23,0,8.05,clear sky
639,presidencia roque saenz pena,AR,-26.7852,-60.4388,73.0,73.0,97,70,4.0,light rain
640,westport,US,41.1415,-73.3579,54.0,50.0,43,1,11.5,clear sky
641,torquay,GB,50.4638,-3.5143,48.0,46.99,84,100,8.68,overcast clouds
642,chazuta,PE,-6.5742,-76.1367,77.0,77.0,94,75,3.44,broken clouds
643,caxito,AO,-8.5785,13.6643,80.6,80.6,83,75,8.05,light rain
644,taiyuan,CN,37.8694,112.5603,28.4,28.4,43,0,8.95,clear sky
645,bentiu,SS,9.2333,29.8333,87.58,87.58,37,9,4.45,clear sky
646,puerto escondido,MX,15.85,-97.0667,84.2,84.2,74,20,6.91,few clouds
647,tysmenychany,UA,48.7717,24.6663,26.49,26.49,78,47,5.41,scattered clouds
648,kumylzhenskaya,RU,49.8809,42.5898,26.01,26.01,92,100,2.24,overcast clouds
649,moron,AR,-34.6534,-58.6198,69.01,68.0,84,100,4.0,overcast clouds
650,kashary,RU,49.04,41.0056,32.02,32.02,83,100,1.59,overcast clouds
651,novobirilyussy,RU,56.9514,90.6661,26.71,26.71,84,100,10.11,overcast clouds
652,oussouye,SN,12.485,-16.5469,75.2,69.8,88,0,4.61,clear sky
653,borsa,RO,47.6553,24.6633,21.99,21.99,77,81,3.31,broken clouds
654,mangrol,IN,21.1167,70.1167,74.68,74.68,69,0,11.03,clear sky
655,terme,TR,41.2092,36.9739,42.8,42.8,87,75,3.44,light rain
656,bambari,CF,5.768,20.6757,73.63,73.63,89,100,4.45,overcast clouds
657,acton vale,CA,45.6501,-72.5658,48.2,44.6,40,1,10.36,clear sky
658,den helder,NL,52.9599,4.7593,44.6,43.0,87,90,12.66,overcast clouds
659,storforshei,NO,66.4043,14.5233,32.0,32.0,92,100,3.0,snow
660,banda aceh,ID,5.5577,95.3222,79.34,79.34,78,87,2.39,overcast clouds
661,matara,LK,5.9485,80.5353,76.23,76.23,87,87,3.62,overcast clouds
662,linden,GY,6.0,-58.3,84.2,84.2,58,20,13.8,few clouds
663,muncar,ID,-8.4333,114.3333,74.34,74.34,87,33,3.56,scattered clouds
664,sorong,ID,-0.8833,131.25,80.17,80.17,81,100,5.1,moderate rain
665,zhezkazgan,KZ,47.8043,67.7144,27.43,27.43,90,30,10.0,scattered clouds
666,monteagudo,BO,-19.8167,-63.9833,84.2,84.2,51,40,5.75,light rain
667,bhinmal,IN,25.0,72.25,67.15,67.15,43,0,1.88,clear sky
668,sucua,EC,-2.4667,-78.1667,75.2,75.2,73,75,8.05,moderate rain
669,kendari,ID,-3.945,122.4989,75.2,75.2,90,79,3.31,broken clouds
670,rokytne,UA,51.2796,27.214,26.64,26.64,84,48,5.97,scattered clouds
671,solnechnyy,RU,50.7214,136.6319,22.57,22.57,86,100,0.65,overcast clouds
672,landazuri,CO,6.2183,-73.8112,72.43,72.43,90,99,1.61,overcast clouds
673,cockburn town,TC,21.4612,-71.1419,78.8,78.8,65,20,13.8,few clouds
674,praia da vitoria,PT,38.7333,-27.0667,59.0,59.0,72,20,9.6,few clouds
675,ust-nera,RU,64.5667,143.2,-3.26,-3.26,96,99,3.47,overcast clouds
676,paciran,ID,-6.8767,112.3761,78.35,78.35,85,98,9.75,overcast clouds
677,vila franca do campo,PT,37.7167,-25.4333,59.0,59.0,63,75,8.05,broken clouds
678,chimoio,MZ,-19.1164,33.4833,69.8,69.8,100,20,1.25,few clouds
679,marienburg,PL,54.0359,19.0266,34.0,32.0,100,100,14.56,overcast clouds
680,atasu,KZ,48.6814,71.6433,30.49,30.49,94,100,13.29,overcast clouds
681,nova olimpia,BR,-14.7972,-57.2881,76.35,76.35,84,84,3.2,broken clouds
682,phulabani,IN,20.4667,84.2333,71.01,71.01,45,0,2.66,clear sky
683,constantine,DZ,36.365,6.6147,44.6,44.6,87,75,4.61,broken clouds
684,inirida,CO,3.8653,-67.9239,83.08,83.08,76,89,1.79,overcast clouds
685,montrose,US,38.4166,-108.2673,64.0,55.99,17,49,17.0,scattered clouds
686,vanavara,RU,60.34,102.2797,-21.53,-21.53,86,75,6.44,broken clouds
687,enugu,NG,6.4402,7.4943,77.61,77.61,78,100,2.04,overcast clouds
688,jackson,US,42.4165,-122.8345,55.0,51.01,37,40,6.91,scattered clouds
689,bara,NG,10.3744,10.7288,87.3,87.3,44,84,17.34,broken clouds
690,tel aviv-yafo,IL,32.0805,34.7805,63.0,60.8,77,0,2.3,clear sky
691,jeremie,HT,18.65,-74.1167,77.7,77.7,77,38,3.65,scattered clouds
692,qazvin,IR,36.2797,50.0049,51.78,51.78,26,100,4.5,overcast clouds
693,fort walton beach,US,30.4058,-86.6188,64.4,59.0,55,90,10.36,overcast clouds
694,san patricio,US,28.017,-97.5169,73.4,69.01,40,1,12.66,clear sky
695,porto franco,BR,-6.3383,-47.3992,75.79,75.79,84,96,2.8,heavy intensity rain
696,iberia,US,29.9502,-91.7507,59.0,57.2,58,90,8.05,overcast clouds
